{"cameraMode":{"drawMode":0,"name":"Shaded","section":"Shading Mode"},"sceneLighting":true,"audioPlay":false,"sceneViewState":{"showFog":true,"showMaterialUpdate":false,"showSkybox":true,"showFlares":true,"showImageEffects":true,"showParticleSystems":true},"in2DMode":false,"pivot":{"x":-3.9230003356933595,"y":-2.1050000190734865,"z":0.0},"rotation":{"x":-0.054918210953474048,"y":0.17491556704044343,"z":-0.009772161021828652,"w":-0.9830029606819153},"size":53.93553924560547,"orthographic":false}